date,price
2016-01-01,2252.6
2016-01-02,2454.5
2016-01-03,2708.1
2016-01-04,2577.8
2016-01-05,2597.75
2016-01-06,2617.7
2016-01-07,2903.8
2016-01-08,2887.8
2016-01-09,2813.8
2016-01-10,2786.8
2016-01-11,2759.8
2016-01-12,2549.0
2016-01-13,2335.6
2016-01-14,2332.0
2016-01-15,2365.8
2016-01-16,2367.0666666666666
2016-01-17,2368.3333333333335
2016-01-18,2369.6
2016-01-19,2359.4
2016-01-20,2394.1
2016-01-21,2395.6
2016-01-22,2390.3
2016-01-23,2393.3333333333335
2016-01-24,2396.366666666667
2016-01-25,2399.4
2016-01-26,2420.9
2016-01-27,2428.8
2016-01-28,2431.2
2016-01-29,2430.2
2016-01-30,2437.85
2016-01-31,2445.5
2016-02-01,2453.15
2016-02-02,2460.8
2016-02-03,2695.2
2016-02-04,2718.25
2016-02-05,2741.3
2016-02-06,2625.3
2016-02-07,2772.9
2016-02-08,2920.5
2016-02-09,2832.7
2016-02-10,2812.5
2016-02-11,2792.3
2016-02-12,2563.4
2016-02-13,2589.5666666666666
2016-02-14,2615.7333333333336
2016-02-15,2641.9
2016-02-16,2645.9
2016-02-17,2659.8
2016-02-18,2654.0
2016-02-19,2708.9
2016-02-20,2694.133333333333
2016-02-21,2679.366666666667
2016-02-22,2664.6
2016-02-23,2687.1
2016-02-24,2752.8
2016-02-25,2719.5
2016-02-26,2710.6
2016-02-27,2715.3333333333335
2016-02-28,2720.0666666666666
2016-02-29,2724.8
2016-03-01,2596.8
2016-03-02,2468.8
2016-03-03,2704.0
2016-03-04,2730.2
2016-03-05,2756.4
2016-03-06,2678.2
2016-03-07,2793.2
2016-03-08,2908.2
2016-03-09,2857.0
2016-03-10,2805.8
2016-03-11,2785.0
2016-03-12,2746.5333333333333
2016-03-13,2708.0666666666666
2016-03-14,2669.6
2016-03-15,2655.0
2016-03-16,2656.3
2016-03-17,2733.6
2016-03-18,2671.6
2016-03-19,2665.3333333333335
2016-03-20,2659.0666666666666
2016-03-21,2652.8
2016-03-22,2674.9
2016-03-23,2603.4
2016-03-24,2622.1
2016-03-25,2619.7
2016-03-26,2620.7
2016-03-27,2621.7
2016-03-28,2622.7
2016-03-29,2620.6
2016-03-30,2631.8
2016-03-31,2629.4
2016-04-01,2299.8
2016-04-02,2521.5
2016-04-03,2753.5
2016-04-04,2598.5
2016-04-05,2737.8
2016-04-06,2825.55
2016-04-07,2913.3
2016-04-08,2922.3
2016-04-09,2831.2
2016-04-10,2740.1
2016-04-11,2791.5
2016-04-12,2721.45
2016-04-13,2651.4
2016-04-14,2634.1
2016-04-15,2626.2
2016-04-16,2631.2
2016-04-17,2636.2
2016-04-18,2641.2
2016-04-19,2678.4
2016-04-20,2659.0
2016-04-21,2651.6
2016-04-22,2652.2
2016-04-23,2651.7999999999997
2016-04-24,2651.4
2016-04-25,2651.0
2016-04-26,2657.8
2016-04-27,2658.9
2016-04-28,2681.6
2016-04-29,2741.7
2016-04-30,2521.5
2016-05-01,2301.3
2016-05-02,2495.1
2016-05-03,2552.8999999999996
2016-05-04,2610.7
2016-05-05,2738.6
2016-05-06,2827.7
2016-05-07,2916.8
2016-05-08,2876.0
2016-05-09,2834.8
2016-05-10,2713.4
2016-05-11,2626.75
2016-05-12,2540.1
2016-05-13,2712.0
2016-05-14,2728.733333333333
2016-05-15,2745.4666666666667
2016-05-16,2762.2
2016-05-17,2738.9
2016-05-18,2731.7
2016-05-19,2681.2
2016-05-20,2716.8
2016-05-21,2710.1333333333337
2016-05-22,2703.4666666666667
2016-05-23,2696.8
2016-05-24,2678.3
2016-05-25,2653.0
2016-05-26,2641.8
2016-05-27,2613.5
2016-05-28,2614.6666666666665
2016-05-29,2615.8333333333335
2016-05-30,2617.0
2016-05-31,2611.5
2016-06-01,2329.8
2016-06-02,2421.3
2016-06-03,2512.8
2016-06-04,2604.3
2016-06-05,2753.8
2016-06-06,2675.5
2016-06-07,2956.6
2016-06-08,2904.85
2016-06-09,2853.1
2016-06-10,2679.9
2016-06-11,2614.05
2016-06-12,2548.2
2016-06-13,2752.7
2016-06-14,2776.5
2016-06-15,2775.2
2016-06-16,2823.2
2016-06-17,2788.9
2016-06-18,2779.2000000000003
2016-06-19,2769.5
2016-06-20,2759.8
2016-06-21,2759.9
2016-06-22,2748.6
2016-06-23,2734.7
2016-06-24,2841.6
2016-06-25,2856.5
2016-06-26,2871.4
2016-06-27,2886.3
2016-06-28,2855.6
2016-06-29,2875.0
2016-06-30,2859.1
2016-07-01,2369.5
2016-07-02,2546.9
2016-07-03,2724.3
2016-07-04,2654.3
2016-07-05,2657.9
2016-07-06,2661.5
2016-07-07,2936.7
2016-07-08,2902.35
2016-07-09,2868.0
2016-07-10,2694.7
2016-07-11,2748.7
2016-07-12,2552.1
2016-07-13,2887.4
2016-07-14,2847.2
2016-07-15,2847.0
2016-07-16,2856.866666666667
2016-07-17,2866.733333333333
2016-07-18,2876.6
2016-07-19,2868.6
2016-07-20,2837.9
2016-07-21,2848.8
2016-07-22,2847.4
2016-07-23,2841.8333333333335
2016-07-24,2836.2666666666664
2016-07-25,2830.7
2016-07-26,2863.2
2016-07-27,2873.7
2016-07-28,2891.9
2016-07-29,2886.0
2016-07-30,2709.3333333333335
2016-07-31,2532.6666666666665
2016-08-01,2356.0
2016-08-02,2597.3
2016-08-03,2724.0
2016-08-04,2654.8
2016-08-05,2679.9
2016-08-06,2705.0
2016-08-07,2934.0
2016-08-08,2868.3
2016-08-09,2864.2
2016-08-10,2798.1499999999996
2016-08-11,2732.1
2016-08-12,2534.6
2016-08-13,2648.633333333333
2016-08-14,2762.6666666666665
2016-08-15,2876.7
2016-08-16,2884.8
2016-08-17,2883.4
2016-08-18,2902.5
2016-08-19,2889.3
2016-08-20,2885.866666666667
2016-08-21,2882.4333333333334
2016-08-22,2879.0
2016-08-23,2894.6
2016-08-24,2857.4
2016-08-25,2842.5
2016-08-26,2837.7
2016-08-27,2839.133333333333
2016-08-28,2840.5666666666666
2016-08-29,2842.0
2016-08-30,2839.6
2016-08-31,2822.3
2016-09-01,2711.0
2016-09-02,2599.7
2016-09-03,2693.4
2016-09-04,2699.2
2016-09-05,2705.0
2016-09-06,2698.2
2016-09-07,2787.45
2016-09-08,2876.7
2016-09-09,2847.2
2016-09-10,2791.1
2016-09-11,2735.0
2016-09-12,2521.7
2016-09-13,2848.5
2016-09-14,2846.3
2016-09-15,2812.3
2016-09-16,2808.2
2016-09-17,2815.7999999999997
2016-09-18,2823.4
2016-09-19,2831.0
2016-09-20,2824.7
2016-09-21,2852.2
2016-09-22,2880.0
2016-09-23,2862.5
2016-09-24,2865.133333333333
2016-09-25,2867.766666666667
2016-09-26,2870.4
2016-09-27,2837.0
2016-09-28,2820.0
2016-09-29,2812.6
2016-09-30,2837.7
2016-10-01,2715.45
2016-10-02,2593.2
2016-10-03,2727.3
2016-10-04,2715.75
2016-10-05,2704.2
2016-10-06,2731.8
2016-10-07,2810.4
2016-10-08,2889.0
2016-10-09,2788.35
2016-10-10,2687.7
2016-10-11,2728.3
2016-10-12,2715.55
2016-10-13,2702.8
2016-10-14,2678.4
2016-10-15,2682.366666666667
2016-10-16,2686.3333333333335
2016-10-17,2690.3
2016-10-18,2694.4
2016-10-19,2714.4
2016-10-20,2728.6
2016-10-21,2720.5
2016-10-22,2719.5
2016-10-23,2718.5
2016-10-24,2717.5
2016-10-25,2722.5
2016-10-26,2725.8
2016-10-27,2717.8
2016-10-28,2729.6
2016-10-29,2727.7666666666664
2016-10-30,2725.9333333333334
2016-10-31,2724.1
2016-11-01,2362.0
2016-11-02,2704.5
2016-11-03,2728.2
2016-11-04,2680.5
2016-11-05,2730.4
2016-11-06,2827.6000000000004
2016-11-07,2924.8
2016-11-08,2903.9
2016-11-09,2796.6000000000004
2016-11-10,2689.3
2016-11-11,2688.0
2016-11-12,2674.233333333333
2016-11-13,2660.4666666666667
2016-11-14,2646.7
2016-11-15,2670.7
2016-11-16,2686.5
2016-11-17,2675.2
2016-11-18,2648.4
2016-11-19,2652.0333333333333
2016-11-20,2655.666666666667
2016-11-21,2659.3
2016-11-22,2662.2
2016-11-23,2620.9
2016-11-24,2618.2
2016-11-25,2614.6
2016-11-26,2614.0333333333333
2016-11-27,2613.4666666666667
2016-11-28,2612.9
2016-11-29,2614.2
2016-11-30,2592.9
2016-12-01,2326.9
2016-12-02,2723.7
2016-12-03,2697.25
2016-12-04,2670.8
2016-12-05,2732.1
2016-12-06,2813.05
2016-12-07,2894.0
2016-12-08,2898.0
2016-12-09,2840.2
2016-12-10,2695.2
2016-12-11,2598.25
2016-12-12,2501.3
2016-12-13,2510.3
2016-12-14,2517.0
2016-12-15,2456.5
2016-12-16,2463.8
2016-12-17,2467.266666666667
2016-12-18,2470.733333333333
2016-12-19,2474.2
2016-12-20,2457.4
2016-12-21,2467.5
2016-12-22,2464.6
2016-12-23,2464.1
2016-12-24,2463.133333333333
2016-12-25,2462.1666666666665
2016-12-26,2461.2
2016-12-27,2469.3
2016-12-28,2484.3
2016-12-29,2498.1
2016-12-30,2497.8
2016-12-31,2534.0333333333333
2017-01-01,2570.266666666667
2017-01-02,2606.5
2017-01-03,2658.8
2017-01-04,2635.6000000000004
2017-01-05,2612.4
2017-01-06,2614.5
2017-01-07,2614.7
2017-01-08,2614.9
2017-01-09,2705.2
2017-01-10,2675.95
2017-01-11,2646.7
2017-01-12,2642.7
2017-01-13,2604.9
2017-01-14,2613.0666666666666
2017-01-15,2621.2333333333336
2017-01-16,2629.4
2017-01-17,2651.1
2017-01-18,2656.1
2017-01-19,2614.4
2017-01-20,2622.3
2017-01-21,2631.9666666666667
2017-01-22,2641.6333333333337
2017-01-23,2651.3
2017-01-24,2661.1
2017-01-25,2610.0
2017-01-26,2603.8
2017-01-27,2589.0
2017-01-28,2591.4333333333334
2017-01-29,2593.866666666667
2017-01-30,2596.3
2017-01-31,2627.3
2017-02-01,2506.5
2017-02-02,2636.2
2017-02-03,2654.9
2017-02-04,2620.45
2017-02-05,2586.0
2017-02-06,2629.9
2017-02-07,2611.65
2017-02-08,2593.4
2017-02-09,2637.3
2017-02-10,2681.2
2017-02-11,2651.5
2017-02-12,2640.05
2017-02-13,2628.6
2017-02-14,2642.4
2017-02-15,2627.2
2017-02-16,2673.4
2017-02-17,2675.0
2017-02-18,2669.133333333333
2017-02-19,2663.266666666667
2017-02-20,2657.4
2017-02-21,2653.2
2017-02-22,2659.0
2017-02-23,2671.4
2017-02-24,2684.1
2017-02-25,2686.6666666666665
2017-02-26,2689.2333333333336
2017-02-27,2691.8
2017-02-28,2687.6
2017-03-01,2525.8
2017-03-02,2618.9
2017-03-03,2629.5
2017-03-04,2603.5
2017-03-05,2588.7
2017-03-06,2573.9
2017-03-07,2559.1
2017-03-08,2593.0
2017-03-09,2632.45
2017-03-10,2671.9
2017-03-11,2630.2
2017-03-12,2594.1
2017-03-13,2558.0
2017-03-14,2544.1
2017-03-15,2523.0
2017-03-16,2581.8
2017-03-17,2582.5
2017-03-18,2583.0333333333333
2017-03-19,2583.5666666666666
2017-03-20,2584.1
2017-03-21,2607.1
2017-03-22,2622.8
2017-03-23,2621.1
2017-03-24,2619.1
2017-03-25,2621.4666666666667
2017-03-26,2623.833333333333
2017-03-27,2626.2
2017-03-28,2625.1
2017-03-29,2605.4
2017-03-30,2597.0
2017-03-31,2591.8
2017-04-01,2537.8
2017-04-02,2567.1
2017-04-03,2596.4
2017-04-04,2625.7
2017-04-05,2532.8
2017-04-06,2538.55
2017-04-07,2544.3
2017-04-08,2569.7
2017-04-09,2739.1
2017-04-10,2661.8
2017-04-11,2646.9
2017-04-12,2632.0
2017-04-13,2658.8
2017-04-14,2658.2
2017-04-15,2657.233333333333
2017-04-16,2656.266666666667
2017-04-17,2655.3
2017-04-18,2651.3
2017-04-19,2654.8
2017-04-20,2663.6
2017-04-21,2660.2
2017-04-22,2649.4666666666667
2017-04-23,2638.733333333333
2017-04-24,2628.0
2017-04-25,2618.0
2017-04-26,2597.5
2017-04-27,2599.0
2017-04-28,2612.4
2017-04-29,2594.7333333333336
2017-04-30,2577.0666666666666
2017-05-01,2559.4
2017-05-02,2573.2000000000003
2017-05-03,2587.0
2017-05-04,2600.8
2017-05-05,2532.4
2017-05-06,2643.5
2017-05-07,2538.3
2017-05-08,2643.3
2017-05-09,2748.3
2017-05-10,2664.8
2017-05-11,2640.75
2017-05-12,2616.7
2017-05-13,2589.3666666666663
2017-05-14,2562.0333333333333
2017-05-15,2534.7
2017-05-16,2537.3
2017-05-17,2588.3
2017-05-18,2618.6
2017-05-19,2615.9
2017-05-20,2613.2
2017-05-21,2610.5
2017-05-22,2607.8
2017-05-23,2625.1
2017-05-24,2604.4
2017-05-25,2604.4
2017-05-26,2620.4
2017-05-27,2620.5333333333333
2017-05-28,2620.666666666667
2017-05-29,2620.8
2017-05-30,2617.6
2017-05-31,2622.0
2017-06-01,2570.8
2017-06-02,2646.4
2017-06-03,2633.3
2017-06-04,2596.8
2017-06-05,2636.0
2017-06-06,2675.2
2017-06-07,2544.9
2017-06-08,2648.0
2017-06-09,2751.1
2017-06-10,2651.8
2017-06-11,2636.0
2017-06-12,2618.7
2017-06-13,2607.5
2017-06-14,2623.1
2017-06-15,2601.7
2017-06-16,2597.8
2017-06-17,2593.0
2017-06-18,2588.2000000000003
2017-06-19,2583.4
2017-06-20,2577.7
2017-06-21,2576.1
2017-06-22,2594.1
2017-06-23,2598.9
2017-06-24,2590.8
2017-06-25,2582.7
2017-06-26,2574.6
2017-06-27,2586.1
2017-06-28,2584.1
2017-06-29,2586.4
2017-06-30,2576.8
2017-07-01,2619.05
2017-07-02,2661.3
2017-07-03,2602.1
2017-07-04,2612.4
2017-07-05,2641.55
2017-07-06,2670.7
2017-07-07,2520.6
2017-07-08,2578.2
2017-07-09,2759.0
2017-07-10,2713.45
2017-07-11,2667.9
2017-07-12,2600.2
2017-07-13,2522.1
2017-07-14,2538.6
2017-07-15,2542.0
2017-07-16,2545.4
2017-07-17,2548.8
2017-07-18,2562.4
2017-07-19,2562.4
2017-07-20,2559.7
2017-07-21,2580.5
2017-07-22,2585.366666666667
2017-07-23,2590.233333333333
2017-07-24,2595.1
2017-07-25,2595.0
2017-07-26,2577.6
2017-07-27,2595.9
2017-07-28,2603.3
2017-07-29,2606.0
2017-07-30,2608.7000000000003
2017-07-31,2611.4
2017-08-01,2642.3500000000004
2017-08-02,2673.3
2017-08-03,2591.6
2017-08-04,2566.3
2017-08-05,2541.0
2017-08-06,2625.9
2017-08-07,2589.1000000000004
2017-08-08,2552.3
2017-08-09,2763.4
2017-08-10,2719.95
2017-08-11,2676.5
2017-08-12,2587.1
2017-08-13,2612.25
2017-08-14,2637.4
2017-08-15,2618.5
2017-08-16,2621.7
2017-08-17,2644.1
2017-08-18,2666.0
2017-08-19,2665.133333333333
2017-08-20,2664.266666666667
2017-08-21,2663.4
2017-08-22,2654.3
2017-08-23,2645.2
2017-08-24,2650.0
2017-08-25,2640.7
2017-08-26,2637.9
2017-08-27,2635.1
2017-08-28,2632.3
2017-08-29,2706.9
2017-08-30,2688.2
2017-08-31,2694.0
2017-09-01,2575.8
2017-09-02,2649.8
2017-09-03,2581.6
2017-09-04,2557.8999999999996
2017-09-05,2534.2
2017-09-06,2617.0
2017-09-07,2597.4
2017-09-08,2577.8
2017-09-09,2631.65
2017-09-10,2685.5
2017-09-11,2684.7
2017-09-12,2708.8999999999996
2017-09-13,2733.1
2017-09-14,2729.4
2017-09-15,2722.8
2017-09-16,2715.9333333333334
2017-09-17,2709.0666666666666
2017-09-18,2702.2
2017-09-19,2703.3
2017-09-20,2708.5
2017-09-21,2692.2
2017-09-22,2696.0
2017-09-23,2700.633333333333
2017-09-24,2705.266666666667
2017-09-25,2709.9
2017-09-26,2731.7
2017-09-27,2697.2
2017-09-28,2695.2
2017-09-29,2691.4
2017-09-30,2649.0
2017-10-01,2606.6
2017-10-02,2634.9
2017-10-03,2572.1
2017-10-04,2591.0
2017-10-05,2533.4
2017-10-06,2520.8
2017-10-07,2508.2
2017-10-08,2641.0
2017-10-09,2672.2
2017-10-10,2703.4
2017-10-11,2694.5
2017-10-12,2696.96
2017-10-13,2699.42
2017-10-14,2701.88
2017-10-15,2704.34
2017-10-16,2706.8
2017-10-17,2681.8
2017-10-18,2673.8
2017-10-19,2683.9
2017-10-20,2674.9
2017-10-21,2670.266666666667
2017-10-22,2665.633333333333
2017-10-23,2661.0
2017-10-24,2671.6
2017-10-25,2657.2
2017-10-26,2654.6
2017-10-27,2640.8
2017-10-28,2643.0333333333333
2017-10-29,2645.266666666667
2017-10-30,2647.5
2017-10-31,2639.9
2017-11-01,2583.1
2017-11-02,2589.2999999999997
2017-11-03,2595.5
2017-11-04,2601.7
2017-11-05,2528.3
2017-11-06,2518.55
2017-11-07,2508.8
2017-11-08,2644.4
2017-11-09,2738.2
2017-11-10,2696.6
2017-11-11,2636.7
2017-11-12,2576.8
2017-11-13,2685.8
2017-11-14,2676.7
2017-11-15,2689.5
2017-11-16,2680.6
2017-11-17,2680.4
2017-11-18,2682.0333333333333
2017-11-19,2683.666666666667
2017-11-20,2685.3
2017-11-21,2670.0
2017-11-22,2680.2
2017-11-23,2675.5
2017-11-24,2674.4
2017-11-25,2676.3
2017-11-26,2678.2
2017-11-27,2680.1
2017-11-28,2671.1
2017-11-29,2654.0
2017-11-30,2649.4
2017-12-01,2629.8
2017-12-02,2635.8
2017-12-03,2641.8
2017-12-04,2647.8
2017-12-05,2535.6
2017-12-06,2621.2
2017-12-07,2519.9
2017-12-08,2623.2
2017-12-09,2726.5
2017-12-10,2694.0
2017-12-11,2632.9
2017-12-12,2571.8
2017-12-13,2567.9
2017-12-14,2579.7
2017-12-15,2579.6
2017-12-16,2586.233333333333
2017-12-17,2592.866666666667
2017-12-18,2599.5
2017-12-19,2591.5
2017-12-20,2597.1
2017-12-21,2599.0
2017-12-22,2598.7
2017-12-23,2598.7
2017-12-24,2598.7
2017-12-25,2598.7
2017-12-26,2599.5
2017-12-27,2634.6
2017-12-28,2655.5
2017-12-29,2644.8
2017-12-30,2645.0333333333333
2017-12-31,2645.266666666667
2018-01-01,2645.5
2018-01-02,2754.1
2018-01-03,2739.7
2018-01-04,2767.8
2018-01-05,2795.9
2018-01-06,2779.9
2018-01-07,2753.3
2018-01-08,2667.9
2018-01-09,2731.7
2018-01-10,2806.1
2018-01-11,2900.7
2018-01-12,2735.6
2018-01-13,2734.0333333333333
2018-01-14,2732.4666666666667
2018-01-15,2730.9
2018-01-16,2741.0
2018-01-17,2738.2
2018-01-18,2731.8
2018-01-19,2736.0
2018-01-20,2736.0666666666666
2018-01-21,2736.133333333333
2018-01-22,2736.2
2018-01-23,2729.5
2018-01-24,2763.4
2018-01-25,2760.5
2018-01-26,2763.0
2018-01-27,2757.4
2018-01-28,2751.7999999999997
2018-01-29,2746.2
2018-01-30,2753.5
2018-01-31,2745.3
2018-02-01,2672.5
2018-02-02,2740.1
2018-02-03,2769.2
2018-02-04,2767.9
2018-02-05,2797.3
2018-02-06,2781.1
2018-02-07,2738.7
2018-02-08,2661.5
2018-02-09,2733.2
2018-02-10,2832.0
2018-02-11,2885.8
2018-02-12,2737.6
2018-02-13,2734.5
2018-02-14,2749.3
2018-02-15,2775.7
2018-02-16,2793.2
2018-02-17,2791.1
2018-02-18,2789.0
2018-02-19,2786.9
2018-02-20,2791.7
2018-02-21,2766.4
2018-02-22,2771.0
2018-02-23,2765.4
2018-02-24,2768.0666666666666
2018-02-25,2770.7333333333336
2018-02-26,2773.4
2018-02-27,2771.5
2018-02-28,2759.6
2018-03-01,2677.7
2018-03-02,2712.633333333333
2018-03-03,2747.5666666666666
2018-03-04,2782.5
2018-03-05,2807.2
2018-03-06,2778.4
2018-03-07,2755.9
2018-03-08,2669.2
2018-03-09,2744.9
2018-03-10,2842.1
2018-03-11,2885.7
2018-03-12,2786.3
2018-03-13,2747.6
2018-03-14,2755.3
2018-03-15,2749.5
2018-03-16,2736.3
2018-03-17,2741.3333333333335
2018-03-18,2746.366666666667
2018-03-19,2751.4
2018-03-20,2747.2
2018-03-21,2765.8
2018-03-22,2778.0
2018-03-23,2809.3
2018-03-24,2809.1
2018-03-25,2808.9
2018-03-26,2808.7
2018-03-27,2791.8
2018-03-28,2785.9
2018-03-29,2765.6
2018-03-30,2763.5
2018-03-31,2719.3
2018-04-01,2675.1
2018-04-02,2713.5666666666666
2018-04-03,2752.0333333333333
2018-04-04,2790.5
2018-04-05,2818.4
2018-04-06,2781.9
2018-04-07,2783.1
2018-04-08,2668.0
2018-04-09,2733.9
2018-04-10,2840.3
2018-04-11,2885.7
2018-04-12,2807.7
2018-04-13,2814.6
2018-04-14,2821.4333333333334
2018-04-15,2828.2666666666664
2018-04-16,2835.1
2018-04-17,2829.2
2018-04-18,2851.7
2018-04-19,2864.3
2018-04-20,2841.3
2018-04-21,2837.0666666666666
2018-04-22,2832.8333333333335
2018-04-23,2828.6
2018-04-24,2832.4
2018-04-25,2840.6
2018-04-26,2835.1
2018-04-27,2825.8
2018-04-28,2819.3333333333335
2018-04-29,2812.866666666667
2018-04-30,2806.4
2018-05-01,2676.1
2018-05-02,2742.7
2018-05-03,2757.7
2018-05-04,2763.2
2018-05-05,2820.6
2018-05-06,2792.0
2018-05-07,2776.3
2018-05-08,2668.0
2018-05-09,2746.5
2018-05-10,2863.7
2018-05-11,2878.7
2018-05-12,2804.8
2018-05-13,2849.7
2018-05-14,2854.8
2018-05-15,2828.5
2018-05-16,2804.4
2018-05-17,2810.7
2018-05-18,2819.2
2018-05-19,2819.3
2018-05-20,2819.3
2018-05-21,2821.8
2018-05-22,2823.5
2018-05-23,2836.5
2018-05-24,2859.5
2018-05-25,2826.2
2018-05-26,2829.0
2018-05-27,2829.1
2018-05-28,2807.8
2018-05-29,2832.3
2018-05-30,2819.3
2018-05-31,2812.8
2018-06-01,2779.65
2018-06-02,2746.5
2018-06-03,2773.9
2018-06-04,2773.5
2018-06-05,2820.6
2018-06-06,2781.6
2018-06-07,2770.7
2018-06-08,2666.4
2018-06-09,2771.3
2018-06-10,2860.4
2018-06-11,2874.5
2018-06-12,2807.7
2018-06-13,2816.9
2018-06-14,2837.6
2018-06-15,2801.7
2018-06-16,2798.8
2018-06-17,2798.0
2018-06-18,2792.4
2018-06-19,2785.1
2018-06-20,2772.3
2018-06-21,2760.5
2018-06-22,2767.2
2018-06-23,2764.3
2018-06-24,2764.3
2018-06-25,2767.9
2018-06-26,2763.4
2018-06-27,2771.0
2018-06-28,2758.2
2018-06-29,2751.8
2018-06-30,2753.3
2018-07-01,2742.15
2018-07-02,2731.0
2018-07-03,2771.9
2018-07-04,2801.95
2018-07-05,2832.0
2018-07-06,2806.8
2018-07-07,2770.1
2018-07-08,2665.4
2018-07-09,2768.7
2018-07-10,2848.0
2018-07-11,2851.9
2018-07-12,2863.4
2018-07-13,2729.4
2018-07-14,2728.9
2018-07-15,2728.9
2018-07-16,2728.7
2018-07-17,2694.8
2018-07-18,2698.6
2018-07-19,2705.7
2018-07-20,2716.2
2018-07-21,2717.6
2018-07-22,2717.5
2018-07-23,2710.8
2018-07-24,2707.5
2018-07-25,2712.3
2018-07-26,2698.3
2018-07-27,2696.2
2018-07-28,2694.5
2018-07-29,2694.5
2018-07-30,2692.7
2018-07-31,2692.7
2018-08-01,2690.1
2018-08-02,2722.7
2018-08-03,2762.4
2018-08-04,2798.65
2018-08-05,2834.9
2018-08-06,2815.0
2018-08-07,2770.1
2018-08-08,2668.0
2018-08-09,2768.7
2018-08-10,2818.3
2018-08-11,2850.0
2018-08-12,2859.5
2018-08-13,2683.9
2018-08-14,2681.8
2018-08-15,2651.2
2018-08-16,2637.9
2018-08-17,2651.8
2018-08-18,2653.8
2018-08-19,2653.7
2018-08-20,2665.0
2018-08-21,2675.8
2018-08-22,2681.9
2018-08-23,2674.6
2018-08-24,2699.7
2018-08-25,2699.6
2018-08-26,2699.6
2018-08-27,2718.3
2018-08-28,2707.4
2018-08-29,2734.6
2018-08-30,2737.6
2018-08-31,2725.6
2018-09-01,2679.6
2018-09-02,2715.1
2018-09-03,2755.4
2018-09-04,2772.1
2018-09-05,2837.2
2018-09-06,2815.3
2018-09-07,2772.9
2018-09-08,2679.6
2018-09-09,2768.7
2018-09-10,2829.8
2018-09-11,2819.9
2018-09-12,2859.5
2018-09-13,2763.1
2018-09-14,2764.2
2018-09-15,2761.5
2018-09-16,2761.5
2018-09-17,2797.0
2018-09-18,2797.1
2018-09-19,2781.8
2018-09-20,2779.7
2018-09-21,2779.5
2018-09-22,2779.5
2018-09-23,2779.7
2018-09-24,2807.4
2018-09-25,2802.5
2018-09-26,2775.4
2018-09-27,2760.1
2018-09-28,2773.8
2018-09-29,2775.1
2018-09-30,2775.1
2018-10-01,2701.7
2018-10-02,2731.7999999999997
2018-10-03,2761.9
2018-10-04,2792.0
2018-10-05,2844.7
2018-10-06,2815.4
2018-10-07,2767.0
2018-10-08,2688.0
2018-10-09,2786.7
2018-10-10,2847.1
2018-10-11,2814.0
2018-10-12,2894.6
2018-10-13,2879.8
2018-10-14,2879.8
2018-10-15,2903.0
2018-10-16,2880.9
2018-10-17,2888.6
2018-10-18,2902.5
2018-10-19,2893.4
2018-10-20,2892.7
2018-10-21,2892.7
2018-10-22,2891.3
2018-10-23,2892.7
2018-10-24,2899.5
2018-10-25,2893.7
2018-10-26,2894.9
2018-10-27,2894.7
2018-10-28,2894.5
2018-10-29,2906.0
2018-10-30,2893.6
2018-10-31,2892.7
2018-11-01,2703.7
2018-11-02,2744.2999999999997
2018-11-03,2784.9
2018-11-04,2825.5
2018-11-05,2854.5
2018-11-06,2818.4
2018-11-07,2744.8
2018-11-08,2686.4
2018-11-09,2791.0
2018-11-10,2898.7
2018-11-11,2820.3
2018-11-12,2884.3
2018-11-13,2786.7
2018-11-14,2806.0
2018-11-15,2797.3
2018-11-16,2816.5
2018-11-17,2814.7
2018-11-18,2814.7
2018-11-19,2808.3
2018-11-20,2800.2
2018-11-21,2800.3
2018-11-22,2796.0
2018-11-23,2770.6
2018-11-24,2771.0
2018-11-25,2772.1
2018-11-26,2774.9
2018-11-27,2759.6
2018-11-28,2760.7
2018-11-29,2740.4
2018-11-30,2736.6
2018-12-01,2709.6
2018-12-02,2729.0
2018-12-03,2752.1
2018-12-04,2811.3
2018-12-05,2851.1
2018-12-06,2812.9
2018-12-07,2735.1
2018-12-08,2686.4
2018-12-09,2784.9
2018-12-10,2881.5
2018-12-11,2811.3
2018-12-12,2872.5
2018-12-13,2851.6
2018-12-14,2860.3
2018-12-15,2860.4
2018-12-16,2860.4
2018-12-17,2863.9
2018-12-18,2818.2
2018-12-19,2811.9
2018-12-20,2839.0
2018-12-21,2827.9
2018-12-22,2827.7
2018-12-23,2827.3
2018-12-24,2851.9
2018-12-25,2857.4
2018-12-26,2849.0
2018-12-27,2871.5
2018-12-28,2869.0
2018-12-29,2869.0
2018-12-30,2869.0
2018-12-31,2859.1
2019-01-01,2865.8
2019-01-02,3024.5
2019-01-03,2948.5
2019-01-04,2858.7
2019-01-05,2853.4
2019-01-06,2915.3
2019-01-07,3061.5
2019-01-08,3208.9
2019-01-09,3507.2
2019-01-10,3378.4
2019-01-11,3424.8
2019-01-12,3372.2
2019-01-13,2909.3
2019-01-14,2933.8
2019-01-15,2946.5
2019-01-16,2947.8
2019-01-17,2944.5
2019-01-18,2931.8
2019-01-19,2930.7
2019-01-20,2930.7
2019-01-21,2925.6
2019-01-22,2939.9
2019-01-23,2932.0
2019-01-24,2918.2
2019-01-25,2957.6
2019-01-26,2969.1
2019-01-27,2969.1
2019-01-28,2971.0
2019-01-29,3006.2
2019-01-30,3003.0
2019-01-31,3008.6
2019-02-01,2879.6
2019-02-02,3023.5
2019-02-03,2947.3
2019-02-04,2857.0
2019-02-05,2832.8
2019-02-06,2915.4
2019-02-07,3125.8
2019-02-08,3221.5
2019-02-09,3534.2
2019-02-10,3424.3
2019-02-11,3427.2
2019-02-12,3364.8
2019-02-13,2969.4
2019-02-14,2992.9
2019-02-15,3026.9
2019-02-16,3025.7
2019-02-17,3025.5
2019-02-18,3040.6
2019-02-19,3066.7
2019-02-20,3056.6
2019-02-21,3030.9
2019-02-22,3026.6
2019-02-23,3027.7
2019-02-24,3027.7
2019-02-25,3019.4
2019-02-26,3026.4
2019-02-27,3013.7
2019-02-28,2987.4
2019-03-01,2908.7
2019-03-02,3023.3
2019-03-03,2947.3
2019-03-04,2832.7
2019-03-05,2837.9
2019-03-06,2941.2
2019-03-07,3131.7
2019-03-08,3221.5
2019-03-09,3580.1
2019-03-10,3433.4
2019-03-11,3427.2
2019-03-12,3407.3
2019-03-13,2932.2
2019-03-14,2886.0
2019-03-15,2880.8
2019-03-16,2883.0
2019-03-17,2883.0
2019-03-18,2867.3
2019-03-19,2894.3
2019-03-20,2889.8
2019-03-21,2885.8
2019-03-22,2917.0
2019-03-23,2915.9
2019-03-24,2915.8
2019-03-25,2925.7
2019-03-26,2915.4
2019-03-27,2900.3
2019-03-28,2865.7
2019-03-29,2878.1
2019-03-30,2880.3
2019-03-31,2880.3
2019-04-01,2867.0
2019-04-02,3022.7
2019-04-03,2930.3
2019-04-04,2864.2
2019-04-05,2839.9
2019-04-06,2950.3
2019-04-07,3115.1
2019-04-08,3221.5
2019-04-09,3590.4
2019-04-10,3421.3
2019-04-11,3430.4
2019-04-12,3383.7
2019-04-13,2865.9
2019-04-14,2866.2
2019-04-15,2871.9
2019-04-16,2849.0
2019-04-17,2840.0
2019-04-18,2841.7
2019-04-19,2840.4
2019-04-20,2841.5
2019-04-21,2841.5
2019-04-22,2853.3
2019-04-23,2849.0
2019-04-24,2867.7
2019-04-25,2878.1
2019-04-26,2883.0
2019-04-27,2883.2
2019-04-28,2883.2
2019-04-29,2868.2
2019-04-30,2866.1
2019-05-01,2868.0
2019-05-02,3017.9
2019-05-03,2914.2
2019-05-04,2870.1
2019-05-05,2839.9
2019-05-06,2963.6
2019-05-07,3076.5
2019-05-08,3340.2
2019-05-09,3503.4
2019-05-10,3419.5
2019-05-11,3372.3
2019-05-12,3374.5
2019-05-13,2942.4
2019-05-14,2928.2
2019-05-15,2923.6
2019-05-16,2899.2
2019-05-17,2885.8
2019-05-18,2885.4
2019-05-19,2885.4
2019-05-20,2866.3
2019-05-21,2850.5
2019-05-22,2848.6
2019-05-23,2871.0
2019-05-24,2862.2
2019-05-25,2861.6
2019-05-26,2861.2
2019-05-27,2866.6
2019-05-28,2861.0
2019-05-29,2868.4
2019-05-30,2885.0
2019-05-31,2915.9
2019-06-01,2868.1
2019-06-02,3005.2
2019-06-03,2893.2
2019-06-04,2870.4
2019-06-05,2847.1
2019-06-06,2956.2
2019-06-07,3073.7
2019-06-08,3354.5
2019-06-09,3463.9
2019-06-10,3419.5
2019-06-11,3400.3
2019-06-12,3340.8
2019-06-13,2994.4
2019-06-14,3008.8
2019-06-15,3008.7
2019-06-16,3008.7
2019-06-17,3004.0
2019-06-18,3002.6
2019-06-19,3026.7
2019-06-20,3099.2
2019-06-21,3125.8
2019-06-22,3124.7
2019-06-23,3124.7
2019-06-24,3155.9
2019-06-25,3167.2
2019-06-26,3129.6
2019-06-27,3122.6
2019-06-28,3123.1
2019-06-29,3120.5
2019-06-30,3120.5
2019-07-01,2888.1
2019-07-02,3000.3
2019-07-03,2898.3
2019-07-04,2870.4
2019-07-05,2870.5
2019-07-06,2987.1
2019-07-07,3073.7
2019-07-08,3415.9
2019-07-09,3468.5
2019-07-10,3404.0
2019-07-11,3346.0
2019-07-12,3341.1
2019-07-13,3115.2
2019-07-14,3115.2
2019-07-15,3113.2
2019-07-16,3094.4
2019-07-17,3148.0
2019-07-18,3187.0
2019-07-19,3152.8
2019-07-20,3154.1
2019-07-21,3154.1
2019-07-22,3154.7
2019-07-23,3144.3
2019-07-24,3156.1
2019-07-25,3139.9
2019-07-26,3133.9
2019-07-27,3135.2
2019-07-28,3135.2
2019-07-29,3147.6
2019-07-30,3163.1
2019-07-31,3137.9
2019-08-01,2893.6
2019-08-02,3005.9
2019-08-03,2922.2
2019-08-04,2898.1
2019-08-05,2869.2
2019-08-06,2986.5
2019-08-07,3068.1
2019-08-08,3403.2
2019-08-09,3468.5
2019-08-10,3443.8
2019-08-11,3349.0
2019-08-12,3341.1
2019-08-13,3417.6
2019-08-14,3473.0
2019-08-15,3493.3
2019-08-16,3462.6
2019-08-17,3453.6
2019-08-18,3453.5
2019-08-19,3444.2
2019-08-20,3461.1
2019-08-21,3444.8
2019-08-22,3459.3
2019-08-23,3519.3
2019-08-24,3518.5
2019-08-25,3518.5
2019-08-26,3520.7
2019-08-27,3542.0
2019-08-28,3546.9
2019-08-29,3516.4
2019-08-30,3508.9
2019-08-31,3507.2
2019-09-01,2924.3
2019-09-02,3001.5
2019-09-03,2917.5
2019-09-04,2899.8
2019-09-05,2886.0
2019-09-06,2986.5
2019-09-07,3073.4
2019-09-08,3414.7
2019-09-09,3455.7
2019-09-10,3439.8
2019-09-11,3341.2
2019-09-12,3327.4
2019-09-13,3391.6
2019-09-14,3395.0
2019-09-15,3395.0
2019-09-16,3454.1
2019-09-17,3441.7
2019-09-18,3413.5
2019-09-19,3434.8
2019-09-20,3466.8
2019-09-21,3466.1
2019-09-22,3466.1
2019-09-23,3463.1
2019-09-24,3490.5
2019-09-25,3429.9
2019-09-26,3429.3
2019-09-27,3396.9
2019-09-28,3387.8
2019-09-29,3394.7
2019-09-30,3340.6
2019-10-01,2911.4
2019-10-02,3001.5
2019-10-03,2917.8
2019-10-04,2905.1
2019-10-05,2888.2
2019-10-06,2963.7
2019-10-07,3112.1
2019-10-08,3414.8
2019-10-09,3431.7
2019-10-10,3403.1
2019-10-11,3341.2
2019-10-12,3332.0
2019-10-13,3391.8
2019-10-14,3410.2
2019-10-15,3399.6
2019-10-16,3413.6
2019-10-17,3409.5
2019-10-18,3401.4
2019-10-19,3400.6
2019-10-20,3400.6
2019-10-21,3378.5
2019-10-22,3385.1
2019-10-23,3386.7
2019-10-24,3423.6
2019-10-25,3421.7
2019-10-26,3421.0
2019-10-27,3421.0
2019-10-28,3390.3
2019-10-29,3388.4
2019-10-30,3403.0
2019-10-31,3450.8
2019-11-01,2909.7
2019-11-02,2992.5
2019-11-03,2895.8
2019-11-04,2864.0
2019-11-05,2886.8
2019-11-06,2955.5
2019-11-07,3092.9
2019-11-08,3414.8
2019-11-09,3433.8
2019-11-10,3385.0
2019-11-11,3347.7
2019-11-12,3351.4
2019-11-13,3390.8
2019-11-14,3399.3
2019-11-15,3373.2
2019-11-16,3376.3
2019-11-17,3376.3
2019-11-18,3397.4
2019-11-19,3397.2
2019-11-20,3393.1
2019-11-21,3374.5
2019-11-22,3370.2
2019-11-23,3370.1
2019-11-24,3370.1
2019-11-25,3348.4
2019-11-26,3355.1
2019-11-27,3327.6
2019-11-28,3341.9
2019-11-29,3372.2
2019-11-30,3372.2
2019-12-01,2909.3
2019-12-02,2967.9
2019-12-03,2907.9
2019-12-04,2865.0
2019-12-05,2886.8
2019-12-06,2971.1
2019-12-07,3113.0
2019-12-08,3459.0
2019-12-09,3415.1
2019-12-10,3391.9
2019-12-11,3362.9
2019-12-12,3327.8
2019-12-13,3352.8
2019-12-14,3348.0
2019-12-15,3348.0
2019-12-16,3360.0
2019-12-17,3363.9
2019-12-18,3362.3
2019-12-19,3382.4
2019-12-20,3371.8
2019-12-21,3373.7
2019-12-22,3375.1
2019-12-23,3398.0
2019-12-24,3431.0
2019-12-25,3428.0
2019-12-26,3455.9
2019-12-27,3468.9
2019-12-28,3464.2
2019-12-29,3464.2
2019-12-30,3469.4
2019-12-31,3477.3
2020-01-01,3477.6
2020-01-02,3649.3
2020-01-03,3672.8
2020-01-04,3909.0
2020-01-05,4145.9
2020-01-06,4216.3
2020-01-07,4293.3
2020-01-08,4748.0
2020-01-09,4621.7
2020-01-10,4481.0
2020-01-11,4505.3
2020-01-12,4280.8
2020-01-13,3516.1
2020-01-14,3517.2
2020-01-15,3529.0
2020-01-16,3536.5
2020-01-17,3559.0
2020-01-18,3550.6
2020-01-19,3550.6
2020-01-20,3558.8
2020-01-21,3562.4
2020-01-22,3555.4
2020-01-23,3582.8
2020-01-24,3596.1
2020-01-25,3596.1
2020-01-26,3596.1
2020-01-27,3625.8
2020-01-28,3588.7
2020-01-29,3607.6
2020-01-30,3625.1
2020-01-31,3646.3
2020-02-01,3495.6
2020-02-02,3649.3
2020-02-03,3716.3
2020-02-04,3951.9
2020-02-05,4140.0
2020-02-06,4160.6
2020-02-07,4260.9
2020-02-08,4748.0
2020-02-09,4565.8
2020-02-10,4474.3
2020-02-11,4530.2
2020-02-12,4330.2
2020-02-13,3607.3
2020-02-14,3636.2
2020-02-15,3638.5
2020-02-16,3638.5
2020-02-17,3621.3
2020-02-18,3678.5
2020-02-19,3696.1
2020-02-20,3741.4
2020-02-21,3796.0
2020-02-22,3792.9
2020-02-23,3792.9
2020-02-24,3830.1
2020-02-25,3801.8
2020-02-26,3790.1
2020-02-27,3772.9
2020-02-28,3670.3
2020-02-29,3672.8
2020-03-01,3565.4
2020-03-02,3610.8
2020-03-03,3844.6
2020-03-04,3979.1
2020-03-05,4127.5
2020-03-06,4106.5
2020-03-07,4255.0
2020-03-08,4769.8
2020-03-09,4553.6
2020-03-10,4472.6
2020-03-11,4572.6
2020-03-12,4364.6
2020-03-13,3601.7
2020-03-14,3631.3
2020-03-15,3631.3
2020-03-16,3569.3
2020-03-17,3633.9
2020-03-18,3591.5
2020-03-19,3544.1
2020-03-20,3607.3
2020-03-21,3635.0
2020-03-22,3635.0
2020-03-23,3814.2
2020-03-24,3969.8
2020-03-25,3915.0
2020-03-26,3907.8
2020-03-27,3895.9
2020-03-28,3894.1
2020-03-29,3925.1
2020-03-30,3927.5
2020-03-31,3818.4
2020-04-01,3573.5
2020-04-02,3545.5
2020-04-03,3869.8
2020-04-04,3974.0
2020-04-05,4138.5
2020-04-06,4160.7
2020-04-07,4254.4
2020-04-08,4855.5
2020-04-09,4543.7
2020-04-10,4472.6
2020-04-11,4524.6
2020-04-12,4350.3
2020-04-13,4204.1
2020-04-14,4208.7
2020-04-15,4225.1
2020-04-16,4241.4
2020-04-17,4142.3
2020-04-18,4135.6
2020-04-19,4135.6
2020-04-20,4175.3
2020-04-21,4160.1
2020-04-22,4211.3
2020-04-23,4229.7
2020-04-24,4237.0
2020-04-25,4230.5
2020-04-26,4229.4
2020-04-27,4193.5
2020-04-28,4175.6
2020-04-29,4146.5
2020-04-30,4082.6
2020-05-01,3573.5
2020-05-02,3559.0
2020-05-03,3962.8
2020-05-04,3974.0
2020-05-05,4154.1
2020-05-06,4080.3
2020-05-07,4254.4
2020-05-08,4895.8
2020-05-09,4544.8
2020-05-10,4485.7
2020-05-11,4631.0
2020-05-12,4353.6
2020-05-13,4153.4
2020-05-14,4190.8
2020-05-15,4244.3
2020-05-16,4248.9
2020-05-17,4248.9
2020-05-18,4207.7
2020-05-19,4244.3
2020-05-20,4244.0
2020-05-21,4189.2
2020-05-22,4233.1
2020-05-23,4235.4
2020-05-24,4235.4
2020-05-25,4211.3
2020-05-26,4153.1
2020-05-27,4172.6
2020-05-28,4175.8
2020-05-29,4194.8
2020-05-30,4198.0
2020-05-31,4198.0
2020-06-01,3606.9
2020-06-02,3582.5
2020-06-03,4018.7
2020-06-04,4063.1
2020-06-05,4126.2
2020-06-06,4086.5
2020-06-07,4278.5
2020-06-08,4966.3
2020-06-09,4544.8
2020-06-10,4456.8
2020-06-11,4636.9
2020-06-12,4353.6
2020-06-13,4222.9
2020-06-14,4222.9
2020-06-15,4205.3
2020-06-16,4233.9
2020-06-17,4232.4
2020-06-18,4229.5
2020-06-19,4267.7
2020-06-20,4263.4
2020-06-21,4263.4
2020-06-22,4273.2
2020-06-23,4302.3
2020-06-24,4294.9
2020-06-25,4275.3
2020-06-26,4298.7
2020-06-27,4297.5
2020-06-28,4297.5
2020-06-29,4294.9
2020-06-30,4320.0
2020-07-01,3625.4
2020-07-02,3607.7
2020-07-03,3977.1
2020-07-04,4015.8
2020-07-05,4176.9
2020-07-06,4086.5
2020-07-07,4320.2
2020-07-08,4892.1
2020-07-09,4547.1
2020-07-10,4443.8
2020-07-11,4636.1
2020-07-12,4403.2
2020-07-13,4349.9
2020-07-14,4376.6
2020-07-15,4370.0
2020-07-16,4335.4
2020-07-17,4355.8
2020-07-18,4352.3
2020-07-19,4352.3
2020-07-20,4362.2
2020-07-21,4403.8
2020-07-22,4475.2
2020-07-23,4533.9
2020-07-24,4564.1
2020-07-25,4561.9
2020-07-26,4561.9
2020-07-27,4651.8
2020-07-28,4696.5
2020-07-29,4727.9
2020-07-30,4693.7
2020-07-31,4751.7
2020-08-01,3564.6
2020-08-02,3605.0
2020-08-03,3977.1
2020-08-04,4011.8
2020-08-05,4134.1
2020-08-06,4112.0
2020-08-07,4351.7
2020-08-08,4894.1
2020-08-09,4571.2
2020-08-10,4455.9
2020-08-11,4636.1
2020-08-12,4427.9
2020-08-13,4692.7
2020-08-14,4668.1
2020-08-15,4672.6
2020-08-16,4672.6
2020-08-17,4763.9
2020-08-18,4793.0
2020-08-19,4667.9
2020-08-20,4700.9
2020-08-21,4666.1
2020-08-22,4660.4
2020-08-23,4660.4
2020-08-24,4585.5
2020-08-25,4597.6
2020-08-26,4655.5
2020-08-27,4570.9
2020-08-28,4614.3
2020-08-29,4611.1
2020-08-30,4611.1
2020-08-31,4640.6
2020-09-01,3548.9
2020-09-02,3605.0
2020-09-03,4004.7
2020-09-04,4107.2
2020-09-05,4131.6
2020-09-06,4156.4
2020-09-07,4349.2
2020-09-08,4890.5
2020-09-09,4585.2
2020-09-10,4516.5
2020-09-11,4436.8
2020-09-12,4346.1
2020-09-13,4579.2
2020-09-14,4613.7
2020-09-15,4616.2
2020-09-16,4626.1
2020-09-17,4592.2
2020-09-18,4609.0
2020-09-19,4608.7
2020-09-20,4608.7
2020-09-21,4512.7
2020-09-22,4485.3
2020-09-23,4410.5
2020-09-24,4421.2
2020-09-25,4402.9
2020-09-26,4403.1
2020-09-27,4403.1
2020-09-28,4457.6
2020-09-29,4490.5
2020-09-30,4458.7
2020-10-01,3550.7
2020-10-02,3603.1
2020-10-03,3890.1
2020-10-04,4118.1
2020-10-05,4133.3
2020-10-06,4221.5
2020-10-07,4341.1
2020-10-08,4869.1
2020-10-09,4586.4
2020-10-10,4519.3
2020-10-11,4473.6
2020-10-12,4343.3
2020-10-13,4460.7
2020-10-14,4473.4
2020-10-15,4493.3
2020-10-16,4478.6
2020-10-17,4476.7
2020-10-18,4476.7
2020-10-19,4481.0
2020-10-20,4503.8
2020-10-21,4550.4
2020-10-22,4505.0
2020-10-23,4509.9
2020-10-24,4509.9
2020-10-25,4509.9
2020-10-26,4517.4
2020-10-27,4521.0
2020-10-28,4470.4
2020-10-29,4466.5
2020-10-30,4494.4
2020-10-31,4499.6
2020-11-01,3559.6
2020-11-02,3590.7
2020-11-03,3894.9
2020-11-04,4119.0
2020-11-05,4137.8
2020-11-06,4224.5
2020-11-07,4341.7
2020-11-08,4594.8
2020-11-09,4579.2
2020-11-10,4519.3
2020-11-11,4457.2
2020-11-12,4350.1
2020-11-13,4514.3
2020-11-14,4516.7
2020-11-15,4516.7
2020-11-16,4505.2
2020-11-17,4507.5
2020-11-18,4457.8
2020-11-19,4435.3
2020-11-20,4458.0
2020-11-21,4454.5
2020-11-22,4454.5
2020-11-23,4382.7
2020-11-24,4284.4
2020-11-25,4282.7
2020-11-26,4286.9
2020-11-27,4241.1
2020-11-28,4242.4
2020-11-29,4242.4
2020-11-30,4230.6
2020-12-01,3559.6
2020-12-02,3582.1
2020-12-03,3745.9
2020-12-04,4119.0
2020-12-05,4113.1
2020-12-06,4222.5
2020-12-07,4341.7
2020-12-08,4593.8
2020-12-09,4579.2
2020-12-10,4526.1
2020-12-11,4496.9
2020-12-12,4355.1
2020-12-13,4355.1
2020-12-14,4313.6
2020-12-15,4368.2
2020-12-16,4406.2
2020-12-17,4447.9
2020-12-18,4437.8
2020-12-19,4443.1
2020-12-20,4443.1
2020-12-21,4454.2
2020-12-22,4423.1
2020-12-23,4434.4
2020-12-24,4439.3
2020-12-25,4437.9
2020-12-26,4437.9
2020-12-27,4455.5
2020-12-28,4424.6
2020-12-29,4427.6
2020-12-30,4441.9
2020-12-31,4440.4
2021-01-01,4443.1
2021-01-02,4365.3
2021-01-03,4050.3
2021-01-04,4065.8
2021-01-05,4207.6
2021-01-06,4441.9
2021-01-07,4250.0
2021-01-08,4331.1
2021-01-09,4249.7
2021-01-10,4186.7
2021-01-11,4308.2
2021-01-12,4285.9
2021-01-13,4351.8
2021-01-14,4329.9
2021-01-15,4293.7
2021-01-16,4289.1
2021-01-17,4291.0
2021-01-18,4317.4
2021-01-19,4321.6
2021-01-20,4374.2
2021-01-21,4378.5
2021-01-22,4349.4
2021-01-23,4345.3
2021-01-24,4345.3
2021-01-25,4345.8
2021-01-26,4334.2
2021-01-27,4315.4
2021-01-28,4311.3
2021-01-29,4329.2
2021-01-30,4326.4
2021-01-31,4326.4
2021-02-01,4443.0
2021-02-02,4298.2
2021-02-03,4081.4
2021-02-04,4089.1
2021-02-05,4207.6
2021-02-06,4469.7
2021-02-07,4275.5
2021-02-08,4327.7
2021-02-09,4243.4
2021-02-10,4190.7
2021-02-11,4282.6
2021-02-12,4255.9
2021-02-13,4251.6
2021-02-14,4251.6
2021-02-15,4240.6
2021-02-16,4200.3
2021-02-17,4141.9
2021-02-18,4135.3
2021-02-19,4146.0
2021-02-20,4155.2
2021-02-21,4155.4
2021-02-22,4202.5
2021-02-23,4193.6
2021-02-24,4176.3
2021-02-25,4147.9
2021-02-26,4089.1
2021-02-27,4097.9
2021-02-28,4097.9
2021-03-01,4443.0
2021-03-02,4284.0
2021-03-03,4023.2
2021-03-04,4089.0
2021-03-05,4246.1
2021-03-06,4387.3
2021-03-07,4273.7
2021-03-08,4313.9
2021-03-09,4284.2
2021-03-10,4190.7
2021-03-11,4234.6
2021-03-12,4310.6
2021-03-13,4029.9
2021-03-14,4030.0
2021-03-15,4029.1
2021-03-16,4030.5
2021-03-17,4050.3
2021-03-18,4049.6
2021-03-19,4051.8
2021-03-20,4058.6
2021-03-21,4058.6
2021-03-22,4039.1
2021-03-23,4026.9
2021-03-24,4043.5
2021-03-25,4025.0
2021-03-26,4030.7
2021-03-27,4028.9
2021-03-28,4028.9
2021-03-29,3996.0
2021-03-30,3965.3
2021-03-31,4013.2
2021-04-01,4554.1
2021-04-02,4204.2
2021-04-03,3989.6
2021-04-04,4089.0
2021-04-05,4212.6
2021-04-06,4426.9
2021-04-07,4273.7
2021-04-08,4315.7
2021-04-09,4282.8
2021-04-10,4231.2
2021-04-11,4291.6
2021-04-12,4306.8
2021-04-13,4211.9
2021-04-14,4183.5
2021-04-15,4233.5
2021-04-16,4250.2
2021-04-17,4249.9
2021-04-18,4249.2
2021-04-19,4257.6
2021-04-20,4304.0
2021-04-21,4338.2
2021-04-22,4302.6
2021-04-23,4269.6
2021-04-24,4271.1
2021-04-25,4271.1
2021-04-26,4274.8
2021-04-27,4252.9
2021-04-28,4252.5
2021-04-29,4221.7
2021-04-30,4205.7
2021-05-01,4580.3
2021-05-02,4231.8
2021-05-03,3989.7
2021-05-04,4063.8
2021-05-05,4230.4
2021-05-06,4426.4
2021-05-07,4273.8
2021-05-08,4304.8
2021-05-09,4282.8
2021-05-10,4213.0
2021-05-11,4327.9
2021-05-12,4306.8
2021-05-13,4308.5
2021-05-14,4333.1
2021-05-15,4336.7
2021-05-16,4336.7
2021-05-17,4387.9
2021-05-18,4386.1
2021-05-19,4397.9
2021-05-20,4400.6
2021-05-21,4399.4
2021-05-22,4401.8
2021-05-23,4401.8
2021-05-24,4407.9
2021-05-25,4440.7
2021-05-26,4422.8
2021-05-27,4429.9
2021-05-28,4425.3
2021-05-29,4424.7
2021-05-30,4424.7
2021-05-31,4438.8
2021-06-01,4512.6
2021-06-02,4238.8
2021-06-03,3995.4
2021-06-04,4111.6
2021-06-05,4287.7
2021-06-06,4426.4
2021-06-07,4313.3
2021-06-08,4196.8
2021-06-09,4280.0
2021-06-10,4233.8
2021-06-11,4330.1
2021-06-12,4303.5
2021-06-13,4413.6
2021-06-14,4385.5
2021-06-15,4377.7
2021-06-16,4333.0
2021-06-17,4225.2
2021-06-18,4195.3
2021-06-19,4199.7
2021-06-20,4199.7
2021-06-21,4243.2
2021-06-22,4232.7
2021-06-23,4232.3
2021-06-24,4225.8
2021-06-25,4238.9
2021-06-26,4242.3
2021-06-27,4244.4
2021-06-28,4241.7
2021-06-29,4197.8
2021-06-30,4224.7
2021-07-01,4522.6
2021-07-02,4238.8
2021-07-03,3995.4
2021-07-04,4149.0
2021-07-05,4310.8
2021-07-06,4439.6
2021-07-07,4330.3
2021-07-08,4201.7
2021-07-09,4225.6
2021-07-10,4217.8
2021-07-11,4330.1
2021-07-12,4324.3
2021-07-13,4332.6
2021-07-14,4368.3
2021-07-15,4376.7
2021-07-16,4340.7
2021-07-17,4341.2
2021-07-18,4341.2
2021-07-19,4360.4
2021-07-20,4332.1
2021-07-21,4310.6
2021-07-22,4319.0
2021-07-23,4304.1
2021-07-24,4306.7
2021-07-25,4306.7
2021-07-26,4294.3
2021-07-27,4308.6
2021-07-28,4317.7
2021-07-29,4357.9
2021-07-30,4331.7
2021-07-31,4331.1
2021-08-01,4347.3
2021-08-02,4293.9
2021-08-03,3967.3
2021-08-04,4203.8
2021-08-05,4306.9
2021-08-06,4436.3
2021-08-07,4327.2
2021-08-08,4217.0
2021-08-09,4236.8
2021-08-10,4230.2
2021-08-11,4331.7
2021-08-12,4324.5
2021-08-13,4236.0
2021-08-14,4239.8
2021-08-15,4239.8
2021-08-16,4255.5
2021-08-17,4261.3
2021-08-18,4259.9
2021-08-19,4254.5
2021-08-20,4250.5
2021-08-21,4248.4
2021-08-22,4251.2
2021-08-23,4293.4
2021-08-24,4293.8
2021-08-25,4259.5
2021-08-26,4266.1
2021-08-27,4292.6
2021-08-28,4287.1
2021-08-29,4287.1
2021-08-30,4260.6
2021-08-31,4252.5
2021-09-01,4351.3
2021-09-02,4297.9
2021-09-03,4017.1
2021-09-04,4180.6
2021-09-05,4306.9
2021-09-06,4425.4
2021-09-07,4325.0
2021-09-08,4135.9
2021-09-09,4236.9
2021-09-10,4238.0
2021-09-11,4360.0
2021-09-12,4313.0
2021-09-13,4235.7
2021-09-14,4268.9
2021-09-15,4230.7
2021-09-16,4141.4
2021-09-17,4142.1
2021-09-18,4150.6
2021-09-19,4150.6
2021-09-20,4173.9
2021-09-21,4202.1
2021-09-22,4188.3
2021-09-23,4142.4
2021-09-24,4138.7
2021-09-25,4147.6
2021-09-26,4147.6
2021-09-27,4145.2
2021-09-28,4127.3
2021-09-29,4117.8
2021-09-30,4186.3
2021-10-01,4351.3
2021-10-02,4304.8
2021-10-03,4024.4
2021-10-04,4183.6
2021-10-05,4334.4
2021-10-06,4449.4
2021-10-07,4324.1
2021-10-08,4129.6
2021-10-09,4220.8
2021-10-10,4238.0
2021-10-11,4409.3
2021-10-12,4333.2
2021-10-13,4331.0
2021-10-14,4327.4
2021-10-15,4259.8
2021-10-16,4252.0
2021-10-17,4252.0
2021-10-18,4262.3
2021-10-19,4266.9
2021-10-20,4287.3
2021-10-21,4288.1
2021-10-22,4318.0
2021-10-23,4315.0
2021-10-24,4314.9
2021-10-25,4350.9
2021-10-26,4316.7
2021-10-27,4330.2
2021-10-28,4318.4
2021-10-29,4290.6
2021-10-30,4289.6
2021-10-31,4289.6
2021-11-01,4357.2
2021-11-02,4257.8
2021-11-03,4022.9
2021-11-04,4183.6
2021-11-05,4328.2
2021-11-06,4409.5
2021-11-07,4324.1
2021-11-08,4172.5
2021-11-09,4219.4
2021-11-10,4242.8
2021-11-11,4441.1
2021-11-12,4333.5
2021-11-13,4450.7
2021-11-14,4450.7
2021-11-15,4455.6
2021-11-16,4421.4
2021-11-17,4443.8
2021-11-18,4423.3
2021-11-19,4410.1
2021-11-20,4404.2
2021-11-21,4404.2
2021-11-22,4311.2
2021-11-23,4275.0
2021-11-24,4273.5
2021-11-25,4278.3
2021-11-26,4315.7
2021-11-27,4318.9
2021-11-28,4318.9
2021-11-29,4303.9
2021-11-30,4277.0
2021-12-01,4353.2
2021-12-02,4238.1
2021-12-03,4017.1
2021-12-04,4170.4
2021-12-05,4305.5
2021-12-06,4413.6
2021-12-07,4319.4
2021-12-08,4181.5
2021-12-09,4219.4
2021-12-10,4264.7
2021-12-11,4448.9
2021-12-12,4333.5
2021-12-13,4351.4
2021-12-14,4328.2
2021-12-15,4348.7
2021-12-16,4399.8
2021-12-17,4394.4
2021-12-18,4389.5
2021-12-19,4389.5
2021-12-20,4354.1
2021-12-21,4346.5
